ï»¿Timestamp,Model,num_context_items,use_lexical_search,use_reranking,Question,Answer,Context,Feedback,Comment
11-24-24,OpenAI GPT-4o Mini,5,False,False,Kje se bo zgodil raztros pepela?,"Na podlagi danih kontekstualnih informacij ni mogoe neposredno odgovoriti na vpraaanje o tem, kje se bo zgodil raztros pepela. Vse informacije se osredotoajo na prostorski nart, gradnjo objektov, ohranjanje narave in zaaito habitatov, brez omembe specifinih lokacij za raztros pepela. Za takane informacije bi bilo potrebno pridobiti dodatne vire ali podatke, ki se neposredno nanaaajo na to temo.","Source 1: Gradnja enostanovanjskega objekta na zemljiau v k.o. 696 Spodnje Hoe s parc. at. 13977.PDF  
Text: trav in travniakih rastlin (npr. vir je lahko seneni drobir). Vzpostavljeni in ohranjeni ekstenzivni travniki se kosijo dva do trikrat letno (mo~na je paaa s redinkami, da se ne preobremeni rabo paanika). V kolikor se bo obmoje odprave zaraaanja zmanjaalo za manjai del zemljia predmetnega obmoja ter se po odstranjeni zarasti nekdanje travniake povraine z varovanim habitatnim tipom ne bo preoralo in se bo ohranjalo v travniaki rabi, kjer so prisotni bistveni deli habitatov varovanih vrst, ter bistveni deli naravne vrednote in se bodo upoatevali zgoraj navedeni pogoji ocenjujemo, da je izvedba odprave zaraaanje z vidika ohranjanja narave sprejemljiva. Skladno z navedenim menimo, da je ob upoatevanju zgoraj navedenih pogojev izvedba odprave zaraaanja na kmetijskih zemljiaih s parc. at s parc. at. 150/1, 151, 154, 150/2, 160, 152, 161, 164, vse K.O. 45-Radovci, z vidika ohranjanja narave sprejemljiva.  

Source 2: Sanacijska dela na desnem neimenovanem pritoku Vurberakega potoka.PDF  
Text: 3 od 3 Skladno z 28. b lenom ZON je v naravnem okolju prepovedano voziti, ustavljati in parkirati vozila na motorni ali drug lasten pogon vozila. Zato je za dostopanje z vozili na lokacijo in snemanje dopustno uporabiti le obstojee ceste (npr. javne poti, gozdne ceste), ki so namenjene vo~nji. Izven cest je mo~en zgolj pea dostop. Vozil se tudi ne ustavlja ali parkira izven za to namenjenih povrain, npr. na traviaih. Izvajanje aktivnosti v naravi kot so npr. hoja, tek in kolesarjenje je zlasti na varovanih obmojih narave sprejemljivo zgolj po obstojeih utrjenih stezah in poteh. Izven poti prihaja do teptanja varovanih travia, ki so ~ivljenjski prostor atevilnih varovanih vrst rastlin in ~ivali, do spro~anja erozijskih procesov in zmanjaevanja habitatov. Posledino naj se tudi snemanje aktivnosti temu prilagodi. Opozarjamo na upoatevanje Zakona o planinskih poteh, ki prepoveduje kolesarjenje po planinskih stezah. Glede na to, snemanje kolesarjenja izven obstojeih utrjenih poti in  

Source 3: Fotografiranje in snemanje promocijskega spota «M&S« na Nanosu, strokovno mnenje.PDF  
Text: rastiaa, npr. odstranjevanje ali spreminjanje vegetacije, spreminjanje vodnega stanja. izvajati regulacijska gradbena dela (npr. spreminjati smeri, oblike, globine struge, graditev pragov, utrjevanje bregov, idr.), spreminjati vodni re~im. Izjemoma je s predhodnim soglasjem pristojen varstvene slu~be mogoe: posegati v obre~no vegetacijo (npr. rediti ali sekati drevje in grmovje, zasaditi bregove ipd.), izvajati manjaa regulacijska gradbena dela. Menimo, da bi lahko bili neustrezni posegi na zavarovanih obmojih pri katerih bi se obse~neje posegalo v obre~no zarast ali kakorkoli okrnilo habitate zavarovanih ~ivalskih vrst, bili v nasprotju z varstvenimi re~imi in namenom zavarovanja. Vpliv izvedbe posega ocenjujemo kot C  nebistven pod pogoji. Poseg je predviden na obmojih POV in POO Drava, znotraj con atevilnih kvalifikacijskih vrst in habitatnih tipov. Varstveni cilji Natura 2000 obmoij, podani v Uredbi o posebnih varstvenih obmojih (obmojih Natura 2000) (Uradni list RS, at. 49/04, 110/04, 59/07, 43/08, 8/12, 33/13, 35/13  popr., 39/13  odl. US, 3/14, 21/16 in 47/18) so: 1. ohranitev ali doseganje ugodnega stanja rastlinskih in  

Source 4: Odprava zaraaanja na kmetijskih zemljiaih s parc. at. 1501, 151, 154, 1502, 160.PDF  
Text: jeseni zasede teritorij in e oba pre~ivita zimo, se paritev zane sredi marca in traja do zaetka maja. Z vznemirjanjem v asu razmno~evanja pri jerebu spodbujamo teritorialno vedenje, za katero porabi precejaen del energije v najbolj obutljivem asu. Zato je lahko uspeanost gnezdenja, ki je pomemben dejavnik pri ohranjanju populacije, zmanjaana. Po parjenju samica ne znese vseh jajc hkrati, zato mladiki begajo in eden po eden in zapuaajo gnezdo. V tem obdobju je dru~ina jerebov ae posebej obutljiva na hrup in vznemirjanja v gozdu. Zaradi izrazite vezanosti na teritorij in slabe mobilnosti, se gozdni jereb hrupu in vznemirjanju ne izogiba s selitvijo v bolj mirne predele gozda. Iz tega izhajajo tudi asovne omejitve del v gozdovih, predvsem gradnje gozdnih prometnic.  

Source 5: 2024_9_20 mnenje105A (117) - presoja Vlake_ceste k.o.Resnik_Kovae_4692_MD_C.PDF  
Text: Opozarjamo, da je v Obinskem prostorskem nartu Hoe-Slivnica doloeno: Gradnja stanovanjskih objektov se nartuje im bli~je obstojeim objektom; gradnja objektov se nartuje v odmiku od novo oblikovanega gozdnega roba vsaj za eno drevesno viaino odraslega drevesa; znotraj meje obmoja urejanja (meje EUP) se po kritvi gozda vzpostavi gozdni rob tako, da se 3 m pas izkrenega zemljiaa proti gozdu prepusti zaraaanju s ciljem vzpostavitve novega gozdnega roba.  obrazlo~itev mnenja z navedbami strokovnih in pravnih podlag je v prilogi PRILOGA  Obrazlo~itev  

",N,"pdf: Raztros pepela pokojne ge. Kornelije Furlan zunaj pokopaliaa, na reki Soi v Solkanu"
11-24-24,OpenAI GPT-4o Mini,5,False,False,Kje se bo zgodila rekonstrukcija gozdnih vlak?,"Rekonstrukcija gozdnih vlak se bo zgodila v gospodarskem gozdu, kjer se nartujejo razairitve gozdnih vlak do airine 3,5 metra. Te razairitve bodo omogoile uinkovitejae spravilo lesa z gozdarsko prikolico.","Source 1: 2024_9_23_ mnenje105A (117) - presoja Vlak k.o.Vetrnik_Kozole_4668_MD_C.PDF  
Text: Pivka. Zaradi navedenega bo nadaljevanje obvoznice proti severu najverjetneje neizvedljivo. Zato vam spodaj podajamo koristno priporoilo glede izvedbe 1. faze. V nadaljevanju podajamo ugotovitve o uinkih posega in varstvenih ciljih varovanih obmoij, na katere bi poseg lahko vplival ter podajamo oceno vplivov posega na varstvene cilje varovanih obmoij. Na podlagi opravljene ocene vplivov posega ugotavljamo, da posledice uinka nartovanega posega ne bodo bistveno vplivale (ocena B) na stanje vseh varovanih vrst in habitatnih tipov ter na varstvene cilje varovanih obmoij, na njihovo celovitost in povezanost. e se ocena vpliva uvrsti v velikostni razred B, vplivi na varstvene cilje posameznih varovanih obmoij in njihovo celovitost ter na povezanost skladno s 25. lenom Pravilnika o presoji sprejemljivosti vplivov izvedbe planov in posegov v naravo na varovana obmoja niso akodljivi. Skladno s 105. a lenom Zakona o ohranjanju narave je v primeru odsotnosti akodljivih vplivov na varstvene cilje varovanih obmoij ocena vplivov gradnje objekta ugodna oziroma je gradnja takanega objekta sprejemljiva. Glede na navedeno menimo, da je poseg  

Source 2: 2024_9_20 mnenje105A (117) - presoja Vlake_ceste k.o.Resnik_Kovae_4692_MD_C.PDF  
Text: razairitev obraaliaa. Nova vlaka bo zgrajena v gospodarskem gozdu. `irina g. vlake ne bo presegla 3,5m. Rekonstrukcije g. vlak bodo obsegale predvsem razairitve g. vlak do 3,5m, ki bodo omogoale spravilo lesa z gozdarsko prikolico.  

Source 3: Gradnja enostanovanjskega objekta na zemljiau v k.o. 696 Spodnje Hoe s parc. at. 13977.PDF  
Text: se hlodovina odlo~i na primerna mesta nad oz. pod traso vlak. Pri senji na trasah vlak se puaa maksimalno visoke panje, ki iz tras ne bodo odstranjeni zaradi izdelave voziaa. Tudi to bo prispevalo k izboljaanju habitata kvalifikacijskih vrst hroaev. Obrazlo~itev: Ukrepa predstavljata poveanje prehranske baze za kvalifikacijske vrsto hroaa, kar lahko pripomore k boljaemu stanju populacij navedenih kvalifikacijski h vrst. Preseka za gozdno vlako naj ne presega 6m v airino. Veje preseke predstavljajo preveliko izgubo povraine habitata kvalifikacijskih vrst. Obrazlo~itev: Po izkuanjah 6m pas (preseka) zadoaa za izvedbo gozdne vlake. Veje izkrene povraine bi pomenile pretirano, nepovratno in nepotrebno izgubo habitatnega tipa habitata kvalifikacijskih vrst.  

Source 4: Gradnja 1. faze ju~ne obvoznice Pivka, na atevilnih parcelah v katastrski obini 2502.PDF  
Text: jeseni zasede teritorij in e oba pre~ivita zimo, se paritev zane sredi marca in traja do zaetka maja. Z vznemirjanjem v asu razmno~evanja pri jerebu spodbujamo teritorialno vedenje, za katero porabi precejaen del energije v najbolj obutljivem asu. Zato je lahko uspeanost gnezdenja, ki je pomemben dejavnik pri ohranjanju populacije, zmanjaana. Po parjenju samica ne znese vseh jajc hkrati, zato mladiki begajo in eden po eden in zapuaajo gnezdo. V tem obdobju je dru~ina jerebov ae posebej obutljiva na hrup in vznemirjanja v gozdu. Zaradi izrazite vezanosti na teritorij in slabe mobilnosti, se gozdni jereb hrupu in vznemirjanju ne izogiba s selitvijo v bolj mirne predele gozda. Iz tega izhajajo tudi asovne omejitve del v gozdovih, predvsem gradnje gozdnih prometnic.  

",M,"Odgovor je pobran iz Source 2, ceprav je misljen bil pdf: Rekonstrukcija dveh gozdnih vlak na zemljiaih v katastrski obini 2345 Zakri~, Obina"
11-24-24,OpenAI GPT-4o Mini,5,False,False,"Kaj je bilo prilo~eno vlogi, ki se tie postopka pridobivanja odlobe o uvedbi zahtevne agromelioracije?","Prilo~eno vlogi, ki se tie postopka pridobivanja odlobe o uvedbi zahtevne agromelioracije, so bili naslednji pogoji in ukrepi: zagotoviti je treba vse ukrepe za prepreitev onesna~enja tal in okolice, odpadni gradbeni material, zemeljski viaek in druge odpadke naj investitor ustrezno obravnava, ter izvajati posege tako, da se preprei onesna~evanje vodotoka s strupenimi ali akodljivimi snovmi. Vsi gradbeni stroji morajo imeti bioloako razgradljivo olje, in odpadkov ter onesna~enih snovi se ne sme odlagati v vodotoke ali na priobalna zemljiaa. Nartovana mora biti tudi odstranitev vseh ostankov gradbenega materiala.","Source 1: Rekonstrukcija kamnitega zidu v Ilirski Bistrici, na parceli 16881, v katastrski obini.PDF  
Text: Pivka. Zaradi navedenega bo nadaljevanje obvoznice proti severu najverjetneje neizvedljivo. Zato vam spodaj podajamo koristno priporoilo glede izvedbe 1. faze. V nadaljevanju podajamo ugotovitve o uinkih posega in varstvenih ciljih varovanih obmoij, na katere bi poseg lahko vplival ter podajamo oceno vplivov posega na varstvene cilje varovanih obmoij. Na podlagi opravljene ocene vplivov posega ugotavljamo, da posledice uinka nartovanega posega ne bodo bistveno vplivale (ocena B) na stanje vseh varovanih vrst in habitatnih tipov ter na varstvene cilje varovanih obmoij, na njihovo celovitost in povezanost. e se ocena vpliva uvrsti v velikostni razred B, vplivi na varstvene cilje posameznih varovanih obmoij in njihovo celovitost ter na povezanost skladno s 25. lenom Pravilnika o presoji sprejemljivosti vplivov izvedbe planov in posegov v naravo na varovana obmoja niso akodljivi. Skladno s 105. a lenom Zakona o ohranjanju narave je v primeru odsotnosti akodljivih vplivov na varstvene cilje varovanih obmoij ocena vplivov gradnje objekta ugodna oziroma je gradnja takanega objekta sprejemljiva. Glede na navedeno menimo, da je poseg  

Source 2: Gradnja 1. faze ju~ne obvoznice Pivka, na atevilnih parcelah v katastrski obini 2502.PDF  
Text: 2 od 2 V nadaljevanju podajamo ugotovitve o uinkih posega in varstvenih ciljih varovanih obmoij, na katere bi poseg lahko vplival ter podajamo oceno vplivov posega na varstvene cilje varovanih obmoij. Na podlagi opravljene ocene vplivov posega ugotavljamo, da posledice uinka nartovanega posega ne bodo bistveno vplivale (ocena B) na stanje vseh varovanih vrst in habitatnih tipov ter na varstvene cilje varovanih obmoij, na njihovo celovitost in povezanost. e se ocena vpliva uvrsti v velikostni razred B, vplivi na varstvene cilje posameznih varovanih obmoij in njihovo celovitost ter na povezanost skladno s 25. lenom Pravilnika o presoji sprejemljivosti vplivov izvedbe planov in posegov v naravo na varovana obmoja niso akodljivi. Skladno s 105. a lenom Zakona o ohranjanju narave je v primeru odsotnosti akodljivih vplivov na varstvene cilje varovanih obmoij ocena vplivov gradnje objekta ugodna oziroma je gradnja takanega objekta sprejemljiva. Glede na navedeno menimo, da je poseg  

Source 3: Gradnja nadstreanice v Zagorju, na parceli 12691, v katastrski obini 2504 Zagorje.PDF  
Text: o tem obvesti pristojni ZRSVN, OE Maribor ter Ribiako dru~ino Maribor. V dokumentacijo so ~e vkljueni sledei pogoji: " Z gradbenimi stroji se posega v vodni prostor le, kolikor je to nujno potrebno. Zemeljska dela, izkopavanja v bre~ino ali strugo je treba tehnino izpeljati tako, da se v im veji mo~ni meri zmanjaa vpliv kaljenja vode (19. len ZSRib). Med izvajanjem gradbenih del se za izvedbo le-teh ne zajema vode iz vodotoka. " Vsi posegi se morajo izvajati tako, da bo prepreeno onesna~evanje vodotoka s strupenimi ali akodljivimi snovmi (goriva, olja, zaaitni premazi, beton, itd.), ki se uporabljajo v gradbeniatvu. Prepreeno mora biti vsakrano onesna~enje vodotoka na obmoju nartovanih del. Vsi gradbeni stroji, ki bodo izvajali dela v vodnem in obvodnem prostoru, morajo imeti bioloako razgradljivo olje. " Odpadkov, gradbenega materiala in s kakrano koli snovjo onesna~ene vode se v vodotoke ter na vodna in priobalna zemljiaa ne odlaga. " Zaasne deponije (v asu izvajanja posegov) morajo biti urejene na nain, da je prepreeno onesna~evanje voda. Nartovana mora biti odstranitev vseh ostankov gradbenega materiala in kakranih  

Source 4: Sanacijska dela na desnem neimenovanem pritoku Vurberakega potoka.PDF  
Text: 2 od 2 Na podlagi opravljene ocene vplivov posega ugotavljamo, da posledice uinka posega ne bodo vplivale (ocena A) na stanje vseh varovanih vrst in habitatnih tipov ter na varstvene cilje varovanih obmoij, njihovo celovitost in povezanost. e se ocena vpliva uvrsti v velikostni razred A, vplivi na varstvene cilje posameznih varovanih obmoij in njihovo celovitost ter na povezanost skladno s 25. lenom Pravilnika o presoji sprejemljivosti vplivov izvedbe planov in posegov v naravo na varovana obmoja niso akodljivi. Skladno s 105. a lenom Zakona o ohranjanju narave je v primeru odsotnosti akodljivih vplivov na varstvene cilje varovanih obmoij ocena vplivov gradnje objekta ugodna oziroma je gradnja takanega objekta sprejemljiva. Glede na navedeno menimo, da je poseg sprejemljiv, omilitveni ukrepi (pogoji) niso potrebni. Opozarjamo na sledee: Zagotoviti je treba vse ukrepe za prepreitev onesna~enja tal in okolice. Ves odpadni gradbeni material, zemeljski viaek in druge odpadke naj investitor  

Source 5: `iritev obrtne cone Dobova obmoja »Z«, k.o. Sela in k.o. Gabrje, obina Bre~ice.PDF  
Text: ohranjanja funkcionalnih in vidnih lastnosti naravne vrednote naj se dela izvajajo z upoatevanjem naslednjih naravovarstvenih pogojev v smislu projektnih in drugih pogojev: Vsi objekti (razen mosta) s pripadajoo komunalno, prometno in zunanjo ureditvijo, vkljuno z morebitno ograjo, morajo biti nartovani izven priobalnega zemljiaa. Cesta na predelu gradbene parcele z oznako Zp z vsemi potrebnimi ureditvami, vkljuno z nasipno bre~ino v celoti, se uredi znotraj meje gradbene parcele z oznako Zp. Vse utrjene (tlakovane) povraine morajo imeti ustrezno dimenzionirane lovilce olj.  

",N,"Agromelioracije ni med Context materiali. pdf: Ureditev poti na vzpetino Pesiaa nad Koritnicami (zahtevna agromelioracija), na parcelah"

