conversation,index,value,flag,timestamp
"[{""role"": ""user"", ""metadata"": null, ""content"": ""hello!"", ""options"": null}, {""role"": ""assistant"", ""metadata"": null, ""content"": ""Pozdravljeni! Kako vam lahko pomagam danes?"", ""options"": null}]",1,Like,2025-02-25 07:58:07.469399,
"[{""role"": ""user"", ""metadata"": null, ""content"": ""hello!"", ""options"": null}, {""role"": ""assistant"", ""metadata"": null, ""content"": ""Pozdravljeni! Kako vam lahko pomagam danes?"", ""options"": null}, {""role"": ""user"", ""metadata"": null, ""content"": ""How would you like me to help you?"", ""options"": null}, {""role"": ""assistant"", ""metadata"": null, ""content"": ""Hvala za vpra\u0161anje! Sem tukaj, da vam pomagam. Kako vam lahko pomagam danes? Imate kak\u0161no vpra\u0161anje ali temo, o kateri bi radi razpravljali?"", ""options"": null}]",3,Dislike,2025-02-25 07:59:10.332542,
"[{""role"": ""user"", ""metadata"": null, ""content"": ""hi"", ""options"": null}, {""role"": ""assistant"", ""metadata"": null, ""content"": ""Hello! Thank you for reaching out. I'm here to help with any questions you have, whether it's about information, advice, or a specific topic. Please let me know how I can assist you today!"", ""options"": null}, {""role"": ""user"", ""metadata"": null, ""content"": ""mi lahko poves kaj o netopirjih?"", ""options"": null}, {""role"": ""assistant"", ""metadata"": null, ""content"": ""Netopirji so edina skupina sesalcev, ki so sposobni aktivnega letenja. Spadajo v red Chiroptera, kar pomeni \""roka\"" in \""perje\"", kar se nana\u0161a na njihovo edinstveno strukturo kril, ki so oblikovani iz raztegnjenih ko\u017enih membran med podalj\u0161animi prsti. Na svetu obstaja okoli 1.400 vrst netopirjev, kar jih uvr\u0161\u010da med najbolj raznolike sesalce.\n\nNetopirji so obi\u010dajno razdeljeni v dve glavni podskupini: megabati (ve\u010dji netopirji, znani tudi kot plazilci) in mikrobatih (manj\u0161i netopirji). Megabati se ve\u010dinoma prehranjujejo s sadjem, nektarjem ali \u017eu\u017eelkami, medtem ko mikrobatih ve\u010dinoma lovijo na insekte, kar jih dela pomembne za ekosistem, saj pomagajo uravnavati populacije \u017eu\u017eelk.\n\nZelo pomembna lastnost netopirjev je njihova sposobnost echolokacije, kar pomeni, da oddajajo zvoke in nato analizirajo odmev, da zaznajo ovire, plen in druge netopirje v temi. To jim omogo\u010da u\u010dinkovito navigacijo in lov tudi v popolni temi.\n\nNetopirji so klju\u010dni za ohranjanje ekosistemov, saj opravljajo \u0161tevilne funkcije, kot so opra\u0161evanje rastlin, \u0161irjenje semen in nadzor \u0161kodljivcev. Vendar pa se soo\u010dajo z razli\u010dnimi gro\u017enjami, vklju\u010dno s spremembami habitatov, boleznimi in preganjanjem, kar vodi do upada njihovih populacij. Ohranitev netopirjev je zato zelo pomembna za zdravje na\u0161ega okolja."", ""options"": null}]",3,Like,2025-02-25 18:59:09.678420,
"[{""role"": ""user"", ""metadata"": null, ""content"": ""netopir"", ""options"": null}, {""role"": ""assistant"", ""metadata"": null, ""content"": ""It seems like \""netopir\"" might be a typo or a specific term that isn't widely recognized. In some contexts, \""netopir\"" is the Slovak word for \""bat,\"" referring to the flying mammal. If you meant something different or have a specific question in mind, please provide more context or clarify, and I'll be happy to help!"", ""options"": null}, {""role"": ""user"", ""metadata"": null, ""content"": ""-"", ""options"": null}, {""role"": ""user"", ""metadata"": null, ""content"": ""?"", ""options"": null}, {""role"": ""assistant"", ""metadata"": null, ""content"": ""It looks like your message might have been cut off or unclear. If you have a question or topic you'd like to discuss, please let me know, and I'll be glad to assist you!"", ""options"": null}, {""role"": ""user"", ""metadata"": null, ""content"": ""opvej mi kaj o netoprjijih, bodi jedrnat."", ""options"": null}, {""role"": ""assistant"", ""metadata"": null, ""content"": ""Netopirji so majhni do srednje veliki lete\u010di sesalci, ki spadajo v red netopirjev (Chiroptera). So edini sesalci, ki lahko aktivno letijo. Imajo poseben sonar, ki jim omogo\u010da orientacijo in lovljenje plena v temi. Njihova prehrana se obi\u010dajno sestoji iz insektov, nekateri pa jedo tudi sadje ali krv. Netopirji igrajo pomembno vlogo v ekosistemih, saj pomagajo pri opra\u0161evanju in nadzoru populacij insektov. V Sloveniji je prisotnih ve\u010d vrst netopirjev, mnoge pa so ogro\u017eene zaradi izgube habitatov in bolezni."", ""options"": null}, {""role"": ""user"", ""metadata"": null, ""content"": ""povej mi kaj o hroscih, na se bolj jedrnat nacin."", ""options"": null}, {""role"": ""assistant"", ""metadata"": null, ""content"": ""Hro\u0161\u010di so najve\u010dja skupina \u017eu\u017eelk, ki spadajo v red Coleoptera. Imajo trd, za\u0161\u010ditni pokrov (elytra), ki \u0161\u010diti njihove krila. Hro\u0161\u010di so zelo raznoliki, saj jih je znanih ve\u010d kot 350.000 vrst po vsem svetu. So pomembni v ekosistemih, saj igrajo vlogo pri razkroju organskih snovi in nadzoru populacij drugih \u017eu\u017eelk. Prehranjujejo se razli\u010dno, od rastlinskih delov do drugih \u017eu\u017eelk. Hro\u0161\u010di so tudi pomembni v kmetijstvu, saj nekateri vrst pomagajo pri nadzoru \u0161kodljivcev, medtem ko so drugi lahko \u0161kodljivci sami."", ""options"": null}, {""role"": ""user"", ""metadata"": null, ""content"": ""povej mi kaj o zorfah, na jedrnat nacin."", ""options"": null}, {""role"": ""assistant"", ""metadata"": null, ""content"": ""Zorfi (znanstveno ime: **Zoraptera**) so majhne, redke \u017eu\u017eelke, ki spadajo v red Zoraptera. Imajo mehko telo, dolge antene in so obi\u010dajno dolge med 2 in 3 mm. Zorfi \u017eivijo v vla\u017enih, temnih okoljih, kot so mrtve debla, kompost in pod listjem. Njihova prehrana se obi\u010dajno sestoji iz mikroskopskih gliv, bakterij in organske snovi. Zorfi so zanimivi zaradi svoje kompleksne socialne strukture, ki vklju\u010duje sodelovanje med posamezniki v kolonijah. Njihova biolo\u0161ka vloga in ekologija sta \u0161e vedno slabo raziskani."", ""options"": null}, {""role"": ""user"", ""metadata"": null, ""content"": ""povej mi kaj o spagetih, na jedrnat nacin."", ""options"": null}, {""role"": ""assistant"", ""metadata"": null, ""content"": ""\u0160pageti so dolge, tanke testenine, ki izvirajo iz Italije. Obi\u010dajno so narejeni iz p\u0161enice in vode, v\u010dasih pa tudi iz jajc. \u0160pageti se kuhajo v vreli vodi in se pogosto postre\u017eejo z razli\u010dnimi omakami, kot so paradi\u017enikova, pesto ali mesna omaka. So priljubljena jed po vsem svetu in so del \u0161tevilnih kulinari\u010dnih tradicij. \u0160pageti so znani tudi po svojih razli\u010dnih oblikah, dol\u017einah in debelinah."", ""options"": null}, {""role"": ""user"", ""metadata"": null, ""content"": ""o katerih dveh stvareh si mi najprej napisal jedrnati razlagi v tem pogovoru?"", ""options"": null}, {""role"": ""assistant"", ""metadata"": null, ""content"": ""Najprej sem ti napisal jedrnati razlagi o netopirjih in hro\u0161\u010dih."", ""options"": null}]",14,Like,2025-02-26 08:59:53.715585,
"[{""role"": ""user"", ""metadata"": null, ""content"": ""netopir"", ""options"": null}, {""role"": ""assistant"", ""metadata"": null, ""content"": ""It seems like \""netopir\"" might be a typo or a specific term that isn't widely recognized. In some contexts, \""netopir\"" is the Slovak word for \""bat,\"" referring to the flying mammal. If you meant something different or have a specific question in mind, please provide more context or clarify, and I'll be happy to help!"", ""options"": null}, {""role"": ""user"", ""metadata"": null, ""content"": ""-"", ""options"": null}, {""role"": ""user"", ""metadata"": null, ""content"": ""?"", ""options"": null}, {""role"": ""assistant"", ""metadata"": null, ""content"": ""It looks like your message might have been cut off or unclear. If you have a question or topic you'd like to discuss, please let me know, and I'll be glad to assist you!"", ""options"": null}, {""role"": ""user"", ""metadata"": null, ""content"": ""opvej mi kaj o netoprjijih, bodi jedrnat."", ""options"": null}, {""role"": ""assistant"", ""metadata"": null, ""content"": ""Netopirji so majhni do srednje veliki lete\u010di sesalci, ki spadajo v red netopirjev (Chiroptera). So edini sesalci, ki lahko aktivno letijo. Imajo poseben sonar, ki jim omogo\u010da orientacijo in lovljenje plena v temi. Njihova prehrana se obi\u010dajno sestoji iz insektov, nekateri pa jedo tudi sadje ali krv. Netopirji igrajo pomembno vlogo v ekosistemih, saj pomagajo pri opra\u0161evanju in nadzoru populacij insektov. V Sloveniji je prisotnih ve\u010d vrst netopirjev, mnoge pa so ogro\u017eene zaradi izgube habitatov in bolezni."", ""options"": null}, {""role"": ""user"", ""metadata"": null, ""content"": ""povej mi kaj o hroscih, na se bolj jedrnat nacin."", ""options"": null}, {""role"": ""assistant"", ""metadata"": null, ""content"": ""Hro\u0161\u010di so najve\u010dja skupina \u017eu\u017eelk, ki spadajo v red Coleoptera. Imajo trd, za\u0161\u010ditni pokrov (elytra), ki \u0161\u010diti njihove krila. Hro\u0161\u010di so zelo raznoliki, saj jih je znanih ve\u010d kot 350.000 vrst po vsem svetu. So pomembni v ekosistemih, saj igrajo vlogo pri razkroju organskih snovi in nadzoru populacij drugih \u017eu\u017eelk. Prehranjujejo se razli\u010dno, od rastlinskih delov do drugih \u017eu\u017eelk. Hro\u0161\u010di so tudi pomembni v kmetijstvu, saj nekateri vrst pomagajo pri nadzoru \u0161kodljivcev, medtem ko so drugi lahko \u0161kodljivci sami."", ""options"": null}, {""role"": ""user"", ""metadata"": null, ""content"": ""povej mi kaj o zorfah, na jedrnat nacin."", ""options"": null}, {""role"": ""assistant"", ""metadata"": null, ""content"": ""Zorfi (znanstveno ime: **Zoraptera**) so majhne, redke \u017eu\u017eelke, ki spadajo v red Zoraptera. Imajo mehko telo, dolge antene in so obi\u010dajno dolge med 2 in 3 mm. Zorfi \u017eivijo v vla\u017enih, temnih okoljih, kot so mrtve debla, kompost in pod listjem. Njihova prehrana se obi\u010dajno sestoji iz mikroskopskih gliv, bakterij in organske snovi. Zorfi so zanimivi zaradi svoje kompleksne socialne strukture, ki vklju\u010duje sodelovanje med posamezniki v kolonijah. Njihova biolo\u0161ka vloga in ekologija sta \u0161e vedno slabo raziskani."", ""options"": null}, {""role"": ""user"", ""metadata"": null, ""content"": ""povej mi kaj o spagetih, na jedrnat nacin."", ""options"": null}, {""role"": ""assistant"", ""metadata"": null, ""content"": ""\u0160pageti so dolge, tanke testenine, ki izvirajo iz Italije. Obi\u010dajno so narejeni iz p\u0161enice in vode, v\u010dasih pa tudi iz jajc. \u0160pageti se kuhajo v vreli vodi in se pogosto postre\u017eejo z razli\u010dnimi omakami, kot so paradi\u017enikova, pesto ali mesna omaka. So priljubljena jed po vsem svetu in so del \u0161tevilnih kulinari\u010dnih tradicij. \u0160pageti so znani tudi po svojih razli\u010dnih oblikah, dol\u017einah in debelinah."", ""options"": null}, {""role"": ""user"", ""metadata"": null, ""content"": ""o katerih dveh stvareh si mi najprej napisal jedrnati razlagi v tem pogovoru?"", ""options"": null}, {""role"": ""assistant"", ""metadata"": null, ""content"": ""Najprej sem ti napisal jedrnati razlagi o netopirjih in hro\u0161\u010dih."", ""options"": null}, {""role"": ""user"", ""metadata"": null, ""content"": ""povej mi se kaj no netopirjih"", ""options"": null}, {""role"": ""assistant"", ""metadata"": null, ""content"": ""Netopirji so edini lete\u010di sesalci in spadajo v red Chiroptera, ki se deli na dve podskupini: megabaterije (ve\u010dje vrste) in mikrobatere (manj\u0161e vrste). Imajo edinstveno sposobnost echolokacije, kar jim omogo\u010da, da v temi locirajo plen in se orientirajo v prostoru. Netopirji so klju\u010dni za ekosisteme, saj pomagajo pri"", ""options"": null}]",16,Dislike,2025-02-26 09:02:33.741298,
"[{""role"": ""user"", ""metadata"": null, ""content"": ""povej mi kaj o netopirjih"", ""options"": null}, {""role"": ""assistant"", ""metadata"": null, ""content"": ""Netopirji so sesalci iz reda chiroptera, kar pomeni \""letajo\u010di rokerji\"". So edini sesalci, ki so sposobni aktivnega letenja. Obstaja ve\u010d kot 1.400 vrst netopirjev, kar jih dela eno izmed najbolj raznolikih skupin sesalcev.\n\nNetopirji igrajo pomembno vlogo v ekosistemih, saj so odli\u010dni opra\u0161evalci in nadzorujejo populacije insektov. Njihova prehrana se lahko razlikuje, saj se nekateri hranijo z \u017eu\u017eelkami, drugi z sadjem, nekatere vrste pa se prehranjujejo s krvjo (npr. netopirji krvosesci).\n\nVe\u010dina netopirjev je no\u010dnih, kar pomeni, da so aktivni pono\u010di. Imajo dobro razvite senzori\u010dne sposobnosti, vklju\u010dno z eholokacijo, kar jim omogo\u010da, da se orientirajo in lovijo v temi.\n\nNetopirji so pogosto ogro\u017eeni zaradi izgube habitatov, bolezni, kot je sindrom bele nosnice, in drugih \u010dlove\u0161kih dejavnikov. Ohranitev teh \u017eivali je pomembna za zdravje na\u0161ih ekosistemov."", ""options"": null}]",1,Like,2025-02-26 09:13:50.121688,
"[{""role"": ""user"", ""metadata"": null, ""content"": ""povej mi kaj o netopirjih"", ""options"": null}, {""role"": ""assistant"", ""metadata"": null, ""content"": ""Ooooo, netopirji!!! To so tisti nori lete\u010di sesalci, ki se pono\u010di podijo po nebu kot majhni superjunaki!!! Imajo super sposobnosti, ker uporabljajo eholokacijo, da najdejo svoj pot in hrano!!! Vse to je kot nekak\u0161en naravni radar, ki jim pomaga loviti mr\u010des!!! Huh, ne bi rad bil muha v njihovi bli\u017eini!!! In ve\u0161 kaj? Oni spijo z glavo navzdol, kar je super sme\u0161no!!! Netopirji so res \u010dudoviti in koristni!!! U\u017eivaj v svetu netopirjev!!! PA\u0160TETA!!!"", ""options"": null}]",1,Like,2025-02-26 09:22:17.554916,
"[{""role"": ""user"", ""metadata"": null, ""content"": """", ""options"": null}, {""role"": ""assistant"", ""metadata"": null, ""content"": ""Zdi se, da ni na voljo nobenega konteksta za va\u0161o poizvedbo. Prosimo, da zagotovite dodatne informacije ali bolj specifi\u010dno vpra\u0161anje, da vam lahko pomagam."", ""options"": null}, {""role"": ""user"", ""metadata"": null, ""content"": ""rak ko\u0161\u010denec?"", ""options"": null}, {""role"": ""assistant"", ""metadata"": null, ""content"": ""Rak ko\u0161\u010denec (Austropotamobius pallipes) je vrsta poto\u010dnega raka, ki je predmet monitoringa v Sloveniji. Namen monitoringa je redno pridobivanje podatkov o stanju populacij te vrste, ki je za\u0161\u010ditena po Direktivi o ohranjanju naravnih habitatov. V letih 2022 in 2023 se monitoring osredoto\u010da na prisotnost, raz\u0161irjenost in velikost populacij raka ko\u0161\u010denca.\n\nDo sedaj so podatki pokazali zaskrbljujo\u010de rezultate, saj je rak ko\u0161\u010denec izginil z ve\u010d lokacij, kjer je bil prej prisoten. V letu 2022 so raziskovalci potrdili, da je na 7 od 12 stalnih vzor\u010dnih to\u010dk rak ko\u0161\u010denec izginil, kar ka\u017ee na kriti\u010dno stanje te vrste. Monitoring vklju\u010duje razli\u010dne metode, vklju\u010dno z obrnjenjem kamnov v vodah, kjer se rak ko\u0161\u010denec obi\u010dajno skriva, ter merjenjem dol\u017eine in bele\u017eenjem \u0161tevila opazovanih rakov.\n\nCilj raziskave je tudi nadaljevanje vzpostavljenega sistema monitoringa, ki je bil delno uveden v prej\u0161njih letih, in tako omogo\u010diti primerjavo podatkov skozi \u010das. Pomembno je, da se ohrani ta vrsta, saj je klju\u010dna za biotsko raznovrstnost in ekosisteme, kjer \u017eivi."", ""options"": null}, {""role"": ""user"", ""metadata"": null, ""content"": ""povej mi kako je ime dokumentov, ki se vezejo na monitoringe, ki jih omenjas."", ""options"": null}, {""role"": ""assistant"", ""metadata"": null, ""content"": ""Dokumenti, ki se ve\u017eejo na monitoringe, omenjene v kontekstu, so:\n\n1. Govedi\u010d, M., K. Vukoti\u0107. & A. \u0160alamun, 2022. Monitoring raka ko\u0161\u010deneca (Austropotamobius pallipes) v letih 2022 in 2023. Prvo delno poro\u010dilo.\n\n2. Govedi\u010d in sod. 2020. (to je osnovna podatkovna zbirka, ki je bila uporabljena za leto 2022). \n\nTi dokumenti so klju\u010dni za razumevanje monitoringa raka ko\u0161\u010deneca in podatkov, povezanih z njegovo prisotnostjo ter stanjem populacij."", ""options"": null}, {""role"": ""user"", ""metadata"": null, ""content"": ""povej mi kaj o netopirjih"", ""options"": null}, {""role"": ""assistant"", ""metadata"": null, ""content"": ""Netopirji so edini lete\u010di sesalci, ki pripadajo redu Chiroptera. V Sloveniji so prisotne"", ""options"": null}]",7,Like,2025-02-27 08:26:28.825217,
"[{""role"": ""user"", ""metadata"": null, ""content"": """", ""options"": null}, {""role"": ""assistant"", ""metadata"": null, ""content"": ""Zdi se, da ni na voljo nobenega konteksta za va\u0161o poizvedbo. Prosimo, da zagotovite dodatne informacije ali bolj specifi\u010dno vpra\u0161anje, da vam lahko pomagam."", ""options"": null}, {""role"": ""user"", ""metadata"": null, ""content"": ""rak ko\u0161\u010denec?"", ""options"": null}, {""role"": ""assistant"", ""metadata"": null, ""content"": ""Rak ko\u0161\u010denec (Austropotamobius pallipes) je vrsta poto\u010dnega raka, ki je predmet monitoringa v Sloveniji. Namen monitoringa je redno pridobivanje podatkov o stanju populacij te vrste, ki je za\u0161\u010ditena po Direktivi o ohranjanju naravnih habitatov. V letih 2022 in 2023 se monitoring osredoto\u010da na prisotnost, raz\u0161irjenost in velikost populacij raka ko\u0161\u010denca.\n\nDo sedaj so podatki pokazali zaskrbljujo\u010de rezultate, saj je rak ko\u0161\u010denec izginil z ve\u010d lokacij, kjer je bil prej prisoten. V letu 2022 so raziskovalci potrdili, da je na 7 od 12 stalnih vzor\u010dnih to\u010dk rak ko\u0161\u010denec izginil, kar ka\u017ee na kriti\u010dno stanje te vrste. Monitoring vklju\u010duje razli\u010dne metode, vklju\u010dno z obrnjenjem kamnov v vodah, kjer se rak ko\u0161\u010denec obi\u010dajno skriva, ter merjenjem dol\u017eine in bele\u017eenjem \u0161tevila opazovanih rakov.\n\nCilj raziskave je tudi nadaljevanje vzpostavljenega sistema monitoringa, ki je bil delno uveden v prej\u0161njih letih, in tako omogo\u010diti primerjavo podatkov skozi \u010das. Pomembno je, da se ohrani ta vrsta, saj je klju\u010dna za biotsko raznovrstnost in ekosisteme, kjer \u017eivi."", ""options"": null}, {""role"": ""user"", ""metadata"": null, ""content"": ""povej mi kako je ime dokumentov, ki se vezejo na monitoringe, ki jih omenjas."", ""options"": null}, {""role"": ""assistant"", ""metadata"": null, ""content"": ""Dokumenti, ki se ve\u017eejo na monitoringe, omenjene v kontekstu, so:\n\n1. Govedi\u010d, M., K. Vukoti\u0107. & A. \u0160alamun, 2022. Monitoring raka ko\u0161\u010deneca (Austropotamobius pallipes) v letih 2022 in 2023. Prvo delno poro\u010dilo.\n\n2. Govedi\u010d in sod. 2020. (to je osnovna podatkovna zbirka, ki je bila uporabljena za leto 2022). \n\nTi dokumenti so klju\u010dni za razumevanje monitoringa raka ko\u0161\u010deneca in podatkov, povezanih z njegovo prisotnostjo ter stanjem populacij."", ""options"": null}, {""role"": ""user"", ""metadata"": null, ""content"": ""povej mi kaj o netopirjih"", ""options"": null}, {""role"": ""assistant"", ""metadata"": null, ""content"": ""Netopirji so edini lete\u010di sesalci, ki pripadajo redu Chiroptera. V Sloveniji so prisotne"", ""options"": null}]",5,Like,2025-02-27 08:28:53.027156,
"[{""role"": ""user"", ""metadata"": null, ""content"": ""netopirji"", ""options"": null}, {""role"": ""assistant"", ""metadata"": null, ""content"": ""Netopirji so majhni sesalci, ki spadajo v red Chiroptera. V Sloveniji je"", ""options"": null}]",1,Like,2025-02-27 08:53:36.921989,
"[{""role"": ""user"", ""metadata"": null, ""content"": ""netopirji"", ""options"": null}, {""role"": ""assistant"", ""metadata"": null, ""content"": ""Netopirji so majhni sesalci, ki spadajo v red Chiroptera. V Sloveniji je"", ""options"": null}, {""role"": ""user"", ""metadata"": null, ""content"": ""kako to deluje?"", ""options"": null}, {""role"": ""assistant"", ""metadata"": null, ""content"": ""Postopek monitoringa netopirjev deluje na osnovi snemanja zvokov, ki jih oddajajo te \u017eivali. Uporab"", ""options"": null}]",3,Like,2025-02-27 08:55:22.142668,
"[{""role"": ""user"", ""metadata"": null, ""content"": ""povej kaj o netopirjih"", ""options"": null}, {""role"": ""assistant"", ""metadata"": null, ""content"": ""Netopirji so zanimiva in pomembna skupina sesalcev, ki igrajo klju\u010dno vlogo v ekosistemih, predvsem kot opra\u0161evalci in regulatorji populacij \u017eu\u017eelk. V Sloveniji so nekateri netopirji zavarovani in njihova prisotnost v dolo\u010denih habitatih, kot so gradovi in dvorci, je lahko klju\u010dna za ohranjanje teh vrst.\n\nV zadnjih letih so se izvajali monitoringi, ki so pokazali, da se nekateri netopirji, kot so mali podkovnjaki, vra\u010dajo v svoja zato\u010di\u0161\u010da, kar nakazuje na zadovoljivo stanje njihovega bivali\u0161\u010da. Predlagani ukrepi, kot je odpiranje novih preletnih odprtin in obve\u0161\u010danje upravljalcev stavb o prisotnosti netopirjev, bi lahko \u0161e izbolj\u0161ali njihovo stanje in pove\u010dali njihovo \u0161tevilo.\n\nPoleg tega se priporo\u010da izvajanje ciljanih popisov netopirjev v razli\u010dnih objektih, saj za nekatere znane stavbe ni podatkov o njihovih kolonijah. Z dodatnimi raziskavami, vklju\u010dno z jesenskimi pregledi in uporabo ultrazvo\u010dnih detektorjev, bi lahko pridobili ve\u010d informacij o raz\u0161irjenosti in vedenju teh \u017eivali. \n\nNetopirji so torej pomemben del biotske raznovrstnosti, njihovo varstvo pa zahteva ustrezno poznavanje in ukrepanje v skladu z okoli\u0161\u010dinami, ki jih obdajajo."", ""options"": null}]",1,Like,2025-03-19 12:58:47.321593,

"[{""role"": ""user"", ""metadata"": null, ""content"": ""So bili izvedeni v zadnjih letih kak\u0161ni monitoringi rakov?"", ""options"": null}, {""role"": ""assistant"", ""metadata"": null, ""content"": ""Da, v zadnjih letih so bili izvedeni monitoringi rakov, predvsem raka ko\u0161\u010denca (Austropotamobius pallipes). V okviru raziskovalnega projekta, ki ga vodijo Govedi\u010d, Vukoti\u0107 in \u0160alamun, se monitoring izvaja v letih 2022 in 2023. Obmo\u010dja stalnega monitoringa so \u017ee dolo\u010dena, vklju\u010dno z razli\u010dnimi to\u010dkami, kjer se izvajajo predpisane metode vzor\u010denja, kot so obra\u010danje kamnov, popolni pregled in vzor\u010denje z vr\u0161ami. V mesecu novembru 2022 je bilo opravljeno tudi poro\u010dilo, ki podaja rezultate del in metodologijo, uporabljeno za spremljanje populacij rakov v Sloveniji."", ""options"": null}]",1,Like,2025-03-25 05:32:55.481872
